{"cameraMode":{"drawMode":0,"name":"Shaded","section":"Shading Mode"},"sceneLighting":true,"audioPlay":false,"sceneViewState":{"showFog":true,"showMaterialUpdate":false,"showSkybox":true,"showFlares":true,"showImageEffects":true,"showParticleSystems":true},"in2DMode":false,"pivot":{"x":-0.7336899638175964,"y":-0.17655730247497559,"z":-4.169893264770508},"rotation":{"x":0.01249249279499054,"y":0.9765003323554993,"z":-0.2069188505411148,"w":0.05895495414733887},"size":10.920249938964844,"orthographic":false}